{"_step":1999,"_runtime":78,"Steps":11,"Smoothed Reward":0.9311875000000004,"Smoothed Steps":11.01,"Reward":0.93125,"Epsilon":0.001,"Episode (smoothed)":999,"Episode":999,"_wandb":{"runtime":78},"_timestamp":1.752779118579838e+09}