{"Epsilon":0.006653968578831948,"Episode (smoothed)":999,"_runtime":14,"Episode":999,"Smoothed Reward":0.949625,"_step":1999,"_timestamp":1.7527819991459162e+09,"Smoothed Steps":8.06,"Steps":8,"_wandb":{"runtime":14},"Reward":0.95}