{"_runtime":26,"Episode":999,"Reward":0.95625,"Epsilon":0.006653968578831948,"_timestamp":1.7527813382971215e+09,"Steps":7,"Smoothed Reward":0.9555000000000001,"Episode (smoothed)":999,"_step":1999,"Smoothed Steps":7.12,"_wandb":{"runtime":26}}