{"_step":1999,"Episode":999,"_wandb":{"runtime":14},"Epsilon":0.006653968578831948,"Steps":7,"Smoothed Steps":7.08,"Episode (smoothed)":999,"_runtime":14,"_timestamp":1.75278081162849e+09,"Smoothed Reward":0.9557499999999999,"Reward":0.95625}