{"Episode (smoothed)":999,"_runtime":16,"_step":1999,"_wandb":{"runtime":16},"Smoothed Reward":0.956125,"Steps":7,"_timestamp":1.7530310647753458e+09,"Reward":0.95625,"Epsilon":0.001,"Smoothed Steps":7.02,"Episode":999}