{"Smoothed Reward":0.949125,"_wandb":{"runtime":15},"Episode":499,"_timestamp":1.752781563109095e+09,"Smoothed Steps":8.14,"Episode (smoothed)":499,"Reward":0.95625,"Epsilon":0.08157186144027828,"_runtime":15,"_step":999,"Steps":7}