{"_timestamp":1.7527812011329272e+09,"_step":999,"Episode":499,"Smoothed Steps":7.94,"Reward":0.94375,"Steps":9,"Epsilon":0.08157186144027828,"_wandb":{"runtime":25},"Smoothed Reward":0.950375,"Episode (smoothed)":499,"_runtime":25}