{"_timestamp":1.7530311081072915e+09,"_step":1999,"Reward":0.95625,"Episode (smoothed)":999,"_runtime":14,"Smoothed Steps":7.02,"Smoothed Reward":0.956125,"Episode":999,"Steps":7,"_wandb":{"runtime":14},"Epsilon":0.001}